tipologia,autore_saggio,precisazione_autore,titolo_saggio,autore_curatore_volume,precisazione_curatore,titolo_volume,luogo,editore,anno,volumi,rivista,annata,fascicolo,pagine
monografia,,,,"Pupillo, Giuseppe",a cura di,"L'insegnamento di Ettore Gallo (Atti del convegno, Vicenza 22 marzo 2003)",Sommacampagna,"Cierre - Vicenza, Istituto storico della Resistenza e dell'età contemporanea della provincia di Vicenza 'Ettore Gallo'",2008,,,,,296
articolo in rivista,"Agosti, Guido",,Antonio Vallisneri (1661-1730); Lazzaro Spallanzani (1729-1799); Bonaventura Corti (1729-1813),,,,,,2008,,«Bollettino storico reggiano»,40,136.0,7-17
articolo in volume miscellaneo,"De Fort, Ester",,Le Università,"Isnenghi, Mario - Cecchinato, Eva",a cura di,"Gli italiani in guerra. Conflitti, identità, memorie dal Risorgimento ai giorni nostri",Torino,Utet,2008,,,,,467-482
articolo in volume miscellaneo,"Silvestri, Andrea",,Per un Museo Archivio del Politecnico di Milano: la valorizzazione delle collezioni dell'Istituzione Elettrotecnica Carlo Erba,"Cilli, Cristina - Malerba, Giancarla - Giacobini, Giacomo",a cura di,Museologia scientifica. Memorie. Atti del XIV Congresso ANMS. Il patrimonio della scienza. Le collezioni di interesse storico. Torino 10-12 novembre 2004,,,2008,,,"febbraio, 2",,259-265
monografia,,,,"Veggetti, Alba- Cartoceti, Luca",a cura di,Atti V Convegno Nazionale di Storia della Medicina Veterinaria,Brescia,Tipografia Camuna,2008,,,,,330
monografia,,,,"Carella, Candida",,L’insegnamento della filosofia alla “Sapienza” di Roma nel Seicento. Le cattedre e i maestri,Firenze,Leo Olschki,2008,,,,,258
monografia,,,,"Fini, Marcello",,Biografie Accademiche. I presidenti da Alamanno Isolani a Giuseppe Medici. 1807-1995,Bologna,Tipolito Tamari snc.,2008,,,,,118
monografia,,,,"Giumanini, Michelangelo L.",,Uomini dell’Accademia. Studio prosopografico sui presidenti e sul personale dell’Accademia di belle arti di Bologna (1803-1877),Bologna,Bononia University Press,2008,,,,,478
poligrafia,,,,"Gheda, Paolo-Guerrini, Maria Teresa-Negruzzo, Simona-Salustri, Simona",a cura di,"La storia delle università alle soglie del XXI secolo. La ricerca dei giovani studiosi tra fonti e nuovi percorsi di indagine. Atti del Convegno internazionale di studi. Aosta, 18-20 dicembre 2006",Bologna,Clueb,2008,,,,,409
articolo in volume miscellaneo,"Zucchini, Stefania",,Le spese per lo Studium nella gestione finanziaria del Comune di Perugia tra la seconda metà del Trecento e l'inizio del Cinquecento,"Gheda, Paolo-Guerrini, Maria Teresa-Negruzzo, Simona-Salustri, Simona",a cura di,La storia delle università alle soglie del XXI secolo,Bologna,Clueb,2008,,,,,15-25
articolo in volume miscellaneo,"Gheda, Paolo-Guerrini, Maria Teresa-Negruzzo, Simona-Salustri, Simona",,Introduzione,"Gheda, Paolo-Guerrini, Maria Teresa-Negruzzo, Simona-Salustri, Simona",a cura di,La storia delle università alle soglie del XXI secolo,Bologna,Clueb,2008,,,,,9-12
articolo in volume miscellaneo,"Bellini, Erika",,Relazione sullo stato della ricerca: Comune e Studium a Perugia tra Quattrocento e Cinquecento,"Gheda, Paolo-Guerrini, Maria Teresa-Negruzzo, Simona-Salustri, Simona",a cura di,La storia delle università alle soglie del XXI secolo,Bologna,Clueb,2008,,,,,27-35
articolo in volume miscellaneo,"Calabrò, Vittoria",,Il ms. 36 della Biblioteca del Museo Regionale di Messina: un'ulteriore fonte per la storia dello Studio cittadino,"Gheda, Paolo-Guerrini, Maria Teresa-Negruzzo, Simona-Salustri, Simona",a cura di,La storia delle università alle soglie del XXI secolo,Bologna,Clueb,2008,,,,,37-50
articolo in volume miscellaneo,"Rossi, Elisa",,L'università del XVI secolo e i libri secretorum: i 'professori' di segreti tra formazione accademica e cultura popolare,"Gheda, Paolo-Guerrini, Maria Teresa-Negruzzo, Simona-Salustri, Simona",a cura di,La storia delle università alle soglie del XXI secolo,Bologna,Clueb,2008,,,,,51-60
articolo in volume miscellaneo,"De Salvo, Patrizia",,La stampa universitaria a Messina nel secondo dopoguerra,"Gheda, Paolo-Guerrini, Maria Teresa-Negruzzo, Simona-Salustri, Simona",a cura di,La storia delle università alle soglie del XXI secolo,Bologna,Clueb,2008,,,,,61-74
articolo in volume miscellaneo,"Hiraux, Françoise",,La part de l'image dans la construction d'une histoire de l'université,"Gheda, Paolo-Guerrini, Maria Teresa-Negruzzo, Simona-Salustri, Simona",a cura di,La storia delle università alle soglie del XXI secolo,Bologna,Clueb,2008,,,,,75-88
articolo in volume miscellaneo,"Bordini, Simone",,"Uberto Bobbio, un giurista tra città e scuole nell'Italia padana del Duecento. Una prima messa a punto per un profilo biografico","Gheda, Paolo-Guerrini, Maria Teresa-Negruzzo, Simona-Salustri, Simona",a cura di,La storia delle università alle soglie del XXI secolo,Bologna,Clueb,2008,,,,,91-105
articolo in volume miscellaneo,Ramadù-Mariani Lorella,,Il giovane Sisto V lettore mancato di Teologia a Macerata,"Gheda, Paolo-Guerrini, Maria Teresa-Negruzzo, Simona-Salustri, Simona",a cura di,La storia delle università alle soglie del XXI secolo,Bologna,Clueb,2008,,,,,107-110
articolo in volume miscellaneo,"Piseri, Maurizio",,Dai seminari all'università. I cursus studiorum dei maestri lombardi tra Sette e Ottocento,"Gheda, Paolo-Guerrini, Maria Teresa-Negruzzo, Simona-Salustri, Simona",a cura di,La storia delle università alle soglie del XXI secolo,Bologna,Clueb,2008,,,,,111-123
articolo in volume miscellaneo,"Claes, Dirk",,The study of Church history at the catholic University of Leuven: 1834-1968,"Gheda, Paolo-Guerrini, Maria Teresa-Negruzzo, Simona-Salustri, Simona",a cura di,La storia delle università alle soglie del XXI secolo,Bologna,Clueb,2008,,,,,125-137
articolo in volume miscellaneo,"Volpi, Alessandro",,Francesco Forti recensore dell'«Antologia»,"Gheda, Paolo-Guerrini, Maria Teresa-Negruzzo, Simona-Salustri, Simona",a cura di,La storia delle università alle soglie del XXI secolo,Bologna,Clueb,2008,,,,,139-155
articolo in volume miscellaneo,"Minuto, Emanuela",,Saverio Scolari e l'insegnamento del diritto costituzionale all'Università di Pisa,"Gheda, Paolo-Guerrini, Maria Teresa-Negruzzo, Simona-Salustri, Simona",a cura di,La storia delle università alle soglie del XXI secolo,Bologna,Clueb,2008,,,,,157-162
articolo in volume miscellaneo,"Dell'Era, Tommaso",,L'Università di Roma e le leggi razziali: il processo di epurazione di Edoardo Zavattari,"Gheda, Paolo-Guerrini, Maria Teresa-Negruzzo, Simona-Salustri, Simona",a cura di,La storia delle università alle soglie del XXI secolo,Bologna,Clueb,2008,,,,,163-181
articolo in volume miscellaneo,"Pelleriti, Enza",,Gli 'Am professori' nell'Università di Messina e nella Sicilia governata dagli alleati,"Gheda, Paolo-Guerrini, Maria Teresa-Negruzzo, Simona-Salustri, Simona",a cura di,La storia delle università alle soglie del XXI secolo,Bologna,Clueb,2008,,,,,183-198
articolo in volume miscellaneo,"Rodríguez-López, Carolina",,Poder académico: los dirigentes universitarios ena la España del primer franquismo (1939-1951). Una aproximación,"Gheda, Paolo-Guerrini, Maria Teresa-Negruzzo, Simona-Salustri, Simona",a cura di,La storia delle università alle soglie del XXI secolo,Bologna,Clueb,2008,,,,,199-210
articolo in volume miscellaneo,"Guerrini, Maria Teresa",,I laureati in diritto presso lo Studio di Bologna e il mondo delle professioni in età moderna,"Gheda, Paolo-Guerrini, Maria Teresa-Negruzzo, Simona-Salustri, Simona",a cura di,La storia delle università alle soglie del XXI secolo,Bologna,Clueb,2008,,,,,213-232
articolo in volume miscellaneo,"Blankesteijn, Annemarieke",,"The peregrinatio Academica and what is left of it. A case study: Dutch students at German universities, 1750-1850","Gheda, Paolo-Guerrini, Maria Teresa-Negruzzo, Simona-Salustri, Simona",a cura di,La storia delle università alle soglie del XXI secolo,Bologna,Clueb,2008,,,,,233-244
articolo in volume miscellaneo,"Castro, Sonia",,Gli studenti svizzeri nelle università pubbliche lombarde (1860-1945). Una vicenda di emigrazione intellettuale,"Gheda, Paolo-Guerrini, Maria Teresa-Negruzzo, Simona-Salustri, Simona",a cura di,La storia delle università alle soglie del XXI secolo,Bologna,Clueb,2008,,,,,245-256
articolo in volume miscellaneo,"Salustri, Simona",,L'associazionismo studentesco fascista e i suoi rapporti con l'università: il caso di Bologna,"Gheda, Paolo-Guerrini, Maria Teresa-Negruzzo, Simona-Salustri, Simona",a cura di,La storia delle università alle soglie del XXI secolo,Bologna,Clueb,2008,,,,,257-272
articolo in volume miscellaneo,"Lucrezio, Claudia",,I 'Numeri Unici' pavesi tra goliardia e Guf,"Gheda, Paolo-Guerrini, Maria Teresa-Negruzzo, Simona-Salustri, Simona",a cura di,La storia delle università alle soglie del XXI secolo,Bologna,Clueb,2008,,,,,273-284
articolo in volume miscellaneo,"Marconi, Laura",,"Alma Domus Sapientiae Novae, ovvero la Casa di San Girolamo per studenti forestieri a Perugia. i rettori della Sapienza (1443-1795)","Gheda, Paolo-Guerrini, Maria Teresa-Negruzzo, Simona-Salustri, Simona",a cura di,La storia delle università alle soglie del XXI secolo,Bologna,Clueb,2008,,,,,287-298
articolo in volume miscellaneo,"Panzanelli Fratoni, Maria Alessandra",,Il governo del Collegio Pio della Sapienza di Perugia nell'ambito istituzionale cittadino,"Gheda, Paolo-Guerrini, Maria Teresa-Negruzzo, Simona-Salustri, Simona",a cura di,La storia delle università alle soglie del XXI secolo,Bologna,Clueb,2008,,,,,299-313
articolo in volume miscellaneo,"Silanos, Pietro",,Le 'scritture' degli Studia nel XV secolo: alcune riflessioni sul caso parmense,"Gheda, Paolo-Guerrini, Maria Teresa-Negruzzo, Simona-Salustri, Simona",a cura di,La storia delle università alle soglie del XXI secolo,Bologna,Clueb,2008,,,,,315-327
articolo in volume miscellaneo,"Negruzzo, Simona",,Il Collegio Capranica a Roma tra Umanesimo e Rinascimento,"Gheda, Paolo-Guerrini, Maria Teresa-Negruzzo, Simona-Salustri, Simona",a cura di,La storia delle università alle soglie del XXI secolo,Bologna,Clueb,2008,,,,,329-343
articolo in volume miscellaneo,"Trimarchi, Carmen",,Tra Accademie e Università. Qualche nota sull'insegnamento del diritto nella Sicilia del Settecento,"Gheda, Paolo-Guerrini, Maria Teresa-Negruzzo, Simona-Salustri, Simona",a cura di,La storia delle università alle soglie del XXI secolo,Bologna,Clueb,2008,,,,,345-360
articolo in volume miscellaneo,"Manfredi, Marco",,La Facoltà di Teologia e la Diocesi di Pisa dalla Restaurazione all'Unità,"Gheda, Paolo-Guerrini, Maria Teresa-Negruzzo, Simona-Salustri, Simona",a cura di,La storia delle università alle soglie del XXI secolo,Bologna,Clueb,2008,,,,,361-375
articolo in volume miscellaneo,"Lupi, Regina",,Progetti di riforma per l'Ateneo di Perugia negli anni della Consulta (1809-1810),"Gheda, Paolo-Guerrini, Maria Teresa-Negruzzo, Simona-Salustri, Simona",a cura di,La storia delle università alle soglie del XXI secolo,Bologna,Clueb,2008,,,,,377-385
articolo in volume miscellaneo,"Breccia, Alessandro",,Paternalismo illuminato e rinnovamento del sapere nella Toscana granducale. La riforma Giorgioni del 1840,"Gheda, Paolo-Guerrini, Maria Teresa-Negruzzo, Simona-Salustri, Simona",a cura di,La storia delle università alle soglie del XXI secolo,Bologna,Clueb,2008,,,,,387-396
articolo in volume miscellaneo,"Gheda, Paolo",,L'Università per Stranieri di Perugia dal recupero dell'identità alla precisazione accademica: il cammino verso la statizzazione (1970-1980),"Gheda, Paolo-Guerrini, Maria Teresa-Negruzzo, Simona-Salustri, Simona",a cura di,La storia delle università alle soglie del XXI secolo,Bologna,Clueb,2008,,,,,397-409
articolo in volume miscellaneo,"Merlotti, Andrea",,Marenco (Marenco di Castellammonte) Vincenzo,,,"Dizionario biografico degli italiani, 70",Roma,Istituto della Enciclopedia Italiana,2008,,,,,30-33
articolo in volume miscellaneo,"Casella, Elena",,Mareotti Trebazio,,,"Dizionario biografico degli italiani, 70",Roma,Istituto della Enciclopedia Italiana,2008,,,,,42-44
articolo in volume miscellaneo,"Volpicelli, Ignazio",,Maresca Mariano,,,"Dizionario biografico degli italiani, 70",Roma,Istituto della Enciclopedia Italiana,2008,,,,,52-55
articolo in volume miscellaneo,"Tarozzi, Fiorenza",,Marescotti Angelo,,,"Dizionario biografico degli italiani, 70",Roma,Istituto della Enciclopedia Italiana,2008,,,,,68-70
articolo in volume miscellaneo,"Giura Longo, Tommaso",,Marescotti Francesco (Franco),,,"Dizionario biografico degli italiani, 70",Roma,Istituto della Enciclopedia Italiana,2008,,,,,72-75
articolo in volume miscellaneo,"Antonelli, Armando",,Marescotti (Marscotti) De' Calvi Agamennone,,,"Dizionario biografico degli italiani, 70",Roma,Istituto della Enciclopedia Italiana,2008,,,,,84-86
articolo in volume miscellaneo,"Tamba, Giorgio",,Marescotti De' Calvi Ludovico,,,"Dizionario biografico degli italiani, 70",Roma,Istituto della Enciclopedia Italiana,2008,,,,,91-93
articolo in volume miscellaneo,"Arieti, Stefano",,Marfori Savini (Marfori) Pio,,,"Dizionario biografico degli italiani, 70",Roma,Istituto della Enciclopedia Italiana,2008,,,,,96-99
articolo in volume miscellaneo,"Agostoni, Emilio",,Margaria Rodolfo,,,"Dizionario biografico degli italiani, 70",Roma,Istituto della Enciclopedia Italiana,2008,,,,,103-106
articolo in volume miscellaneo,"Antonelli, Armando",,Marescotti (Marescotto) De' Calvi Marcantonio,,,"Dizionario biografico degli italiani, 70",Roma,Istituto della Enciclopedia Italiana,2008,,,,,93-94
articolo in volume miscellaneo,"Farnetani, Francesca",,Margarucci Oreste,,,"Dizionario biografico degli italiani, 70",Roma,Istituto della Enciclopedia Italiana,2008,,,,,117-118
articolo in volume miscellaneo,"Aliverti, Massimo",,"Margary, Fedele",,,"Dizionario biografico degli italiani, 70",Roma,Istituto della Enciclopedia Italiana,2008,,,,,118-120
poligrafia,,,,"Brambilla, Elena-Capra, Carlo-Scotti, Aurora",a cura di,Istituzioni e cultura in età napoleonica,Milano,Franco Angeli,2008,,,,,688
articolo in volume miscellaneo,"Della Peruta, Franco",,Dall'Istituto nazionale all'Istituto reale: un profilo istituzionale,"Brambilla, Elena-Capra, Carlo-Scotti, Aurora",a cura di,Istituzioni e cultura in età napoleonica,Milano,Franco Angeli,2008,,,,,19-32
articolo in volume miscellaneo,"Pepe, Luigi",,Istituti e accademie nell'Europa napoleonica. Archivi personali e opere a stampa,"Brambilla, Elena-Capra, Carlo-Scotti, Aurora",a cura di,Istituzioni e cultura in età napoleonica,Milano,Franco Angeli,2008,,,,,33-44
articolo in volume miscellaneo,"Scotti, Aurora",,Le accademie di belle arti negli anni napoleonici,"Brambilla, Elena-Capra, Carlo-Scotti, Aurora",a cura di,Istituzioni e cultura in età napoleonica,Milano,Franco Angeli,2008,,,,,45-61
articolo in volume miscellaneo,"Brianta, Donata",,"I luoghi del sapere agronomico: accademie, società di agricoltura e di arti meccaniche, orti agrari, atenei (1802-1814)","Brambilla, Elena-Capra, Carlo-Scotti, Aurora",a cura di,Istituzioni e cultura in età napoleonica,Milano,Franco Angeli,2008,,,,,62-156
articolo in volume miscellaneo,"Mannori, Luca",,I ruoli dell'intellettuale nell'Italia napoleonica,"Brambilla, Elena-Capra, Carlo-Scotti, Aurora",a cura di,Istituzioni e cultura in età napoleonica,Milano,Franco Angeli,2008,,,,,159-183
articolo in volume miscellaneo,"Chiancone, Claudio",,Il circolo Paradisi e il 'Poligrafo',"Brambilla, Elena-Capra, Carlo-Scotti, Aurora",a cura di,Istituzioni e cultura in età napoleonica,Milano,Franco Angeli,2008,,,,,232-250
articolo in volume miscellaneo,"Cosmacini, Giorgio",,Teoria e pratica della medicina,"Brambilla, Elena-Capra, Carlo-Scotti, Aurora",a cura di,Istituzioni e cultura in età napoleonica,Milano,Franco Angeli,2008,,,,,316-321
articolo in volume miscellaneo,"Quaini, Massimo",,La geografia nel Regno d'Italia: una scienza onnivora fra filosofia e applicazioni militari al territorio,"Brambilla, Elena-Capra, Carlo-Scotti, Aurora",a cura di,Istituzioni e cultura in età napoleonica,Milano,Franco Angeli,2008,,,,,322-338
articolo in volume miscellaneo,"Ferraresi, Alessandra",,La direzione generale di pubblica istruzione nel Regno d'Italia,"Brambilla, Elena-Capra, Carlo-Scotti, Aurora",a cura di,Istituzioni e cultura in età napoleonica,Milano,Franco Angeli,2008,,,,,341-391
articolo in volume miscellaneo,"Tongiorgi, Duccio",,Le arti e le scienze «dopo la Rivoluzione». Note sulle orazioni inaugurali nell'Università di Pavia (1800-1809),"Brambilla, Elena-Capra, Carlo-Scotti, Aurora",a cura di,Istituzioni e cultura in età napoleonica,Milano,Franco Angeli,2008,,,,,392-409
articolo in volume miscellaneo,"Varni, Angelo",,L'Università di Bologna in età napoleonica,"Brambilla, Elena-Capra, Carlo-Scotti, Aurora",a cura di,Istituzioni e cultura in età napoleonica,Milano,Franco Angeli,2008,,,,,410-417
articolo in volume miscellaneo,"Del Negro, Piero",,L'Università di Padova tra l'utopia giacobina e l'omologazione napoleonica,"Brambilla, Elena-Capra, Carlo-Scotti, Aurora",a cura di,Istituzioni e cultura in età napoleonica,Milano,Franco Angeli,2008,,,,,418-428
articolo in volume miscellaneo,"Brambilla, Elena",,I licei e l'Université impériale: un confronto tra Italia e Francia,"Brambilla, Elena-Capra, Carlo-Scotti, Aurora",a cura di,Istituzioni e cultura in età napoleonica,Milano,Franco Angeli,2008,,,,,431-453
articolo in volume miscellaneo,"Ceccarelli, Francesco",,Architettura universitaria e città degli studi a Bologna negli anni del Regno d'Italia,"Brambilla, Elena-Capra, Carlo-Scotti, Aurora",a cura di,Istituzioni e cultura in età napoleonica,Milano,Franco Angeli,2008,,,,,552-566
articolo in volume miscellaneo,"Cortese, Ennio",,Intorno all'edizione di Bartolo curata dal Diplovatazio e alla sua ristampa anastatica,"Colli, Vincenzo-Conti, Emanuele",a cura di,Iuris Historia. Liber amicorum Gero Dolezalek,"Berkeley, California",University of California at Berkeley,2008,,,,,369-385
articolo in volume miscellaneo,"Mercanti, Fabio",,Mari Giuseppe,,,"Dizionario biografico degli italiani, 70",Roma,Istituto della Enciclopedia Italiana,2008,,,,,192-195
articolo in volume miscellaneo,"De Tata, Rita",,Mariani Andrea,,,"Dizionario biografico degli italiani, 70",Roma,Istituto della Enciclopedia Italiana,2008,,,,,268-270
articolo in volume miscellaneo,"Izzi, Giuseppe",,Mariani Gaetano,,,"Dizionario biografico degli italiani, 70",Roma,Istituto della Enciclopedia Italiana,2008,,,,,282-285
articolo in volume miscellaneo,"Farnetani, Francesca",,Mariani Giuseppe,,,"Dizionario biografico degli italiani, 70",Roma,Istituto della Enciclopedia Italiana,2008,,,,,288-290
articolo in volume miscellaneo,"Mazzocco, Luca",,Mariani Lucio,,,"Dizionario biografico degli italiani, 70",Roma,Istituto della Enciclopedia Italiana,2008,,,,,296-298
articolo in volume miscellaneo,"Casini, Tommaso",,Mariani Valerio,,,"Dizionario biografico degli italiani, 70",Roma,Istituto della Enciclopedia Italiana,2008,,,,,306-309
articolo in volume miscellaneo,"Fregonese, Lucio",,Marianini Stefano,,,"Dizionario biografico degli italiani, 70",Roma,Istituto della Enciclopedia Italiana,2008,,,,,310-313
articolo in volume miscellaneo,"Boccia, Carmine",,Mariconda Diomede,,,"Dizionario biografico degli italiani, 70",Roma,Istituto della Enciclopedia Italiana,2008,,,,,348-349
articolo in volume miscellaneo,"Evangelisti, Paolo",,"Marignolli Giovanni de' (Giovanni di Marignola, Giovanni da Firenze, Giovanni di S. Lorenzo)",,,"Dizionario biografico degli italiani, 70",Roma,Istituto della Enciclopedia Italiana,2008,,,,,363-365
articolo in volume miscellaneo,"Saracco, Lisa",,"Marinari (Marinario, Marinaro) Antonio",,,"Dizionario biografico degli italiani, 70",Roma,Istituto della Enciclopedia Italiana,2008,,,,,381-382
articolo in volume miscellaneo,"Saracco, Lisa",,Marinari (Marinario) Antonio,,,"Dizionario biografico degli italiani, 70",Roma,Istituto della Enciclopedia Italiana,2008,,,,,382-384
articolo in volume miscellaneo,"Patrizi, Paolo",,Marinelli Giovanni,,,"Dizionario biografico degli italiani, 70",Roma,Istituto della Enciclopedia Italiana,2008,,,,,392-395
articolo in volume miscellaneo,"Ballio, Alessandro",,Marini Bettolo Marconi Giovanni Battista,,,"Dizionario biografico degli italiani, 70",Roma,Istituto della Enciclopedia Italiana,2008,,,,,492-494
articolo in volume miscellaneo,"Dinoia, Rosalba",,Marinelli Vincenzo,,,"Dizionario biografico degli italiani, 70",Roma,Istituto della Enciclopedia Italiana,2008,,,,,404-407
articolo in volume miscellaneo,"Pellegrini, Paolo",,Marino da Venezia,,,"Dizionario biografico degli italiani, 70",Roma,Istituto della Enciclopedia Italiana,2008,,,,,508-509
articolo in volume miscellaneo,"Spinedi, Marina",,Marinori Mario,,,"Dizionario biografico degli italiani, 70",Roma,Istituto della Enciclopedia Italiana,2008,,,,,548-550
articolo in volume miscellaneo,"Farnetani, Francesca",,Marino-Zuco Carlo,,,"Dizionario biografico degli italiani, 70",Roma,Istituto della Enciclopedia Italiana,2008,,,,,554-556
articolo in volume miscellaneo,"Chiacchella, Rita",,Mariotti Annibale,,,"Dizionario biografico degli italiani, 70",Roma,Istituto della Enciclopedia Italiana,2008,,,,,569-571
articolo in volume miscellaneo,"Vaglienti, Francesca M.",,Marliani Giovanni,,,"Dizionario biografico degli italiani, 70",Roma,Istituto della Enciclopedia Italiana,2008,,,,,607-610
articolo in volume miscellaneo,"Ambrosetti, Maria",,"Marmorale, Vincenzo (Enzo V.)",,,"Dizionario biografico degli italiani, 70",Roma,Istituto della Enciclopedia Italiana,2008,,,,,634-636
articolo in volume miscellaneo,"Masi, Antonio",,Maroi Fulvio,,,"Dizionario biografico degli italiani, 70",Roma,Istituto della Enciclopedia Italiana,2008,,,,,644-646
articolo in volume miscellaneo,"Matt, Luigi",,Marone Gherardo,,,"Dizionario biografico degli italiani, 70",Roma,Istituto della Enciclopedia Italiana,2008,,,,,655-658
articolo in volume miscellaneo,"Quagliarini, Barbara",,Marpicati Arturo,,,"Dizionario biografico degli italiani, 70",Roma,Istituto della Enciclopedia Italiana,2008,,,,,685-688
articolo in volume miscellaneo,"Saracco, Lisa",,Marracci Ludovico,,,"Dizionario biografico degli italiani, 70",Roma,Istituto della Enciclopedia Italiana,2008,,,,,700-702
articolo in volume miscellaneo,"Farnetani, Francesca",,Marrassini Alberto,,,"Dizionario biografico degli italiani, 70",Roma,Istituto della Enciclopedia Italiana,2008,,,,,711-714
articolo in volume miscellaneo,Ferrante Riccardo,,Marré Gaetano Giovanni,,,"Dizionario biografico degli italiani, 70",Roma,Istituto della Enciclopedia Italiana,2008,,,,,716-718
articolo in volume miscellaneo,"Rabino Massa, Emma",,Marro Giovanni,,,"Dizionario biografico degli italiani, 70",Roma,Istituto della Enciclopedia Italiana,2008,,,,,724-726
articolo in volume miscellaneo,"Brancaleoni, Francesca",,Marsand Antonio,,,"Dizionario biografico degli italiani, 70",Roma,Istituto della Enciclopedia Italiana,2008,,,,,733-735
articolo in volume miscellaneo,"Pontari, Paolo",,Marsi Paolo,,,"Dizionario biografico degli italiani, 70",Roma,Istituto della Enciclopedia Italiana,2008,,,,,741-744
articolo in volume miscellaneo,"Favino, Federica",,Marsili Alessandro,,,"Dizionario biografico degli italiani, 70",Roma,Istituto della Enciclopedia Italiana,2008,,,,,747-751
articolo in volume miscellaneo,"Cavazza, Marta",,Marsili (Marsigli) Antonio Felice,,,"Dizionario biografico degli italiani, 70",Roma,Istituto della Enciclopedia Italiana,2008,,,,,751-755
articolo in volume miscellaneo,"Cavazza, Marta",,Marsili (Marsigli) Cesare,,,"Dizionario biografico degli italiani, 70",Roma,Istituto della Enciclopedia Italiana,2008,,,,,755-758
articolo in volume miscellaneo,"Ongaro, Giuseppe",,Marsili Giovanni,,,"Dizionario biografico degli italiani, 70",Roma,Istituto della Enciclopedia Italiana,2008,,,,,761-764
articolo in volume miscellaneo,"Pallotti, Lia",,Marsili Ippolito,,,"Dizionario biografico degli italiani, 70",Roma,Istituto della Enciclopedia Italiana,2008,,,,,764-767
articolo in volume miscellaneo,"Preti, Cesare - Gullino, Giuseppe",,Marsili (Marsigli) Luigi Ferdinando,,,"Dizionario biografico degli italiani, 70",Roma,Istituto della Enciclopedia Italiana,2008,,,,,771-781
articolo in volume miscellaneo,"Gullino, Giuseppe - Preti, Cesare",,Marsili (Marsigli) Luigi Ferdinando,,,"Dizionario biografico degli italiani, 70",Roma,Istituto della Enciclopedia Italiana,2008,,,,,771-781
poligrafia,,,,,,"Dizionario biografico degli italiani, 70",Roma,Istituto della Enciclopedia Italiana,2008,,,,,"XV, 781"
articolo in volume miscellaneo,"Fratello, Bernardo",,Una collezione settecentesca del Museo di anatomia dell'Università di Modena e Reggio Emilia. I modelli ostetrici realizzati in terracotta da Giovan Battista Manfredini,"Cilli, Cristina - Malerba, Giancarla - Giacobini, Giacomo",a cura di,"Atti del XIV Congresso ANMS. Il patrimonio della scienza, le collezioni di interesse storico (Torino, 10-12 novembre 2004)",Torino,"Associazione nazionale musei scientifici, orti botanici, giardini zoologici e acquari",2008,,,,,215-220
poligrafia,,,,"Cilli, Cristina - Malerba, Giancarla - Giacobini, Giacomo",a cura di,"Atti del XIV Congresso ANMS. Il patrimonio della scienza, le collezioni di interesse storico (Torino, 10-12 novembre 2004)",Torino,"Associazione nazionale musei scientifici, orti botanici, giardini zoologici e acquari",2008,,,,,356
articolo in volume miscellaneo,"Bonci, Maria Cristina",,Dal paesaggio al museo. Un viaggio nella geologia ligure attraverso le collezioni storiche dell'Università di Genova,"Cilli, Cristina - Malerba, Giancarla - Giacobini, Giacomo",a cura di,"Atti del XIV Congresso ANMS. Il patrimonio della scienza, le collezioni di interesse storico (Torino, 10-12 novembre 2004)",Torino,"Associazione nazionale musei scientifici, orti botanici, giardini zoologici e acquari",2008,,,,,53-58
articolo in volume miscellaneo,"Gallo, Lorenzo Mariano",,Le collezioni geologiche e litologiche del Museo di geologia e paleontologia dell'Università di Torino: dalle origini al Museo regionale di scienze naturali di Torino,"Cilli, Cristina - Malerba, Giancarla - Giacobini, Giacomo",a cura di,"Atti del XIV Congresso ANMS. Il patrimonio della scienza, le collezioni di interesse storico (Torino, 10-12 novembre 2004)",Torino,"Associazione nazionale musei scientifici, orti botanici, giardini zoologici e acquari",2008,,,,,59-64
articolo in volume miscellaneo,"Forneris, Giuliana - Guglielmone, Laura - Pandolfo, Guglielmo",,L'erbario dell'Università di Torino: risultati preliminari del censimento delle collezioni fanerogamiche,"Cilli, Cristina - Malerba, Giancarla - Giacobini, Giacomo",a cura di,"Atti del XIV Congresso ANMS. Il patrimonio della scienza, le collezioni di interesse storico (Torino, 10-12 novembre 2004)",Torino,"Associazione nazionale musei scientifici, orti botanici, giardini zoologici e acquari",2008,,,,,95-101
articolo in volume miscellaneo,"Forneris, Giuliana",,L'Iconographia Taurinensis (1752-1868). Restauro e valorizzazione scientifica della collezione,"Cilli, Cristina - Malerba, Giancarla - Giacobini, Giacomo",a cura di,"Atti del XIV Congresso ANMS. Il patrimonio della scienza, le collezioni di interesse storico (Torino, 10-12 novembre 2004)",Torino,"Associazione nazionale musei scientifici, orti botanici, giardini zoologici e acquari",2008,,,,,119-128
articolo in volume miscellaneo,"Giovi, Emanuela - Millozza, Anna",,L'erbario di Vincenzo Cesati a Roma,"Cilli, Cristina - Malerba, Giancarla - Giacobini, Giacomo",a cura di,"Atti del XIV Congresso ANMS. Il patrimonio della scienza, le collezioni di interesse storico (Torino, 10-12 novembre 2004)",Torino,"Associazione nazionale musei scientifici, orti botanici, giardini zoologici e acquari",2008,,,,,152-155
articolo in volume miscellaneo,"Peccenini, Simonetta",,Le collezioni botaniche dell'Università di Genova. Storia del Museo e dell'Orto botanico,"Cilli, Cristina - Malerba, Giancarla - Giacobini, Giacomo",a cura di,"Atti del XIV Congresso ANMS. Il patrimonio della scienza, le collezioni di interesse storico (Torino, 10-12 novembre 2004)",Torino,"Associazione nazionale musei scientifici, orti botanici, giardini zoologici e acquari",2008,,,,,156-160
articolo in volume miscellaneo,"Caramiello, Rosanna - Fossa, Valeria",,Collezioni e strutture dell'Orto botanico dell'Università di Torino,"Cilli, Cristina - Malerba, Giancarla - Giacobini, Giacomo",a cura di,"Atti del XIV Congresso ANMS. Il patrimonio della scienza, le collezioni di interesse storico (Torino, 10-12 novembre 2004)",Torino,"Associazione nazionale musei scientifici, orti botanici, giardini zoologici e acquari",2008,,,,,161-166
articolo in volume miscellaneo,"Latella, Leonardo - Ruffo, Sandro - Salmaso, Roberta",,Le collezioni zoologiche Edoardo De Betta nel panorama del naturalismo veronese della seconda metà dell'Ottocento,"Cilli, Cristina - Malerba, Giancarla - Giacobini, Giacomo",a cura di,"Atti del XIV Congresso ANMS. Il patrimonio della scienza, le collezioni di interesse storico (Torino, 10-12 novembre 2004)",Torino,"Associazione nazionale musei scientifici, orti botanici, giardini zoologici e acquari",2008,,,,,173-176
articolo in volume miscellaneo,"Barili, Angelo - Lapiana, Francesco - Gentili, Sergio",,La raccolta ornitologica di Orazio Antinori a Perugia. Un esercizio di memoria,"Cilli, Cristina - Malerba, Giancarla - Giacobini, Giacomo",a cura di,"Atti del XIV Congresso ANMS. Il patrimonio della scienza, le collezioni di interesse storico (Torino, 10-12 novembre 2004)",Torino,"Associazione nazionale musei scientifici, orti botanici, giardini zoologici e acquari",2008,,,,,186-191
articolo in volume miscellaneo,"Garuccio, Augusto - Giuliani, Giuseppe - Leone, Matteo",,Le scuole di fisica teorica in Italia nel secondo dopoguerra,"Cilli, Cristina - Malerba, Giancarla - Giacobini, Giacomo",a cura di,"Atti del XXI Congresso nazionale di storia della fisica e dell'astronomia. Dipartimento di fisica, Università della Calabria (Arcavata di Rende, CS, 6-8 giugno 2001)",Torino,"Associazione nazionale musei scientifici, orti botanici, giardini zoologici e acquari",2008,,,,,175-187
monografia,,,,"Frasca, Elena",,"I bisturi e la toga. Università e potere urbano nella Sicilia borbonica. Il ruolo del medico, secoli XVIII-XIX",Acireale,Bonanno,2008,,,,,416
articolo in rivista,"Tallone, Claudio",,Le 'piazze o alunnati elvetici' nei seminari dell'Archidiocesi di Milano,,,,,,2008,,«Nuova rivista storica»,92,1.0,139-154
poligrafia,,,,"Neri, Silvia - Penuti, Carla",a cura di,Annales: 1640-1674,Bologna,Clueb,2008,,,,,431
poligrafia,,,,"Capra, Carlo-Scotti, Aurora-Brambilla, Elena",a cura di,Istituzioni e cultura in età napoleonica,Milano,Franco Angeli,2008,,,,,688
articolo in volume miscellaneo,"Brizzi, Gian Paolo",,Prefazione / Vorwort,"Neri, Silvia - Penuti, Carla",a cura di,Annales: 1640-1674,Bologna,Clueb,2008,,,,,6-10
articolo in volume miscellaneo,"Penuti, Carla",,'La nazione degli studenti Alemanni di Bologna’ a metà del Seicento / ‘Die Nation der deutsche Studenten in Bologna’ in der Mitte des 17. Jahrhunderts,"Neri, Silvia - Penuti, Carla",a cura di,Annales: 1640-1674,Bologna,Clueb,2008,,,,,29-46
articolo in volume miscellaneo,"Neri, Silvia",,"'Magna per id tempus omnibus in rebus, …’ Il quinti ‘liber annalium della Nazione tedesca di Bologna / ‘Magna per id tempus omnibus in rebus, …’ Das fünfte ‘liber annalium’ der Natio Germanica in Bologna","Neri, Silvia - Penuti, Carla",a cura di,Annales: 1640-1674,Bologna,Clueb,2008,,,,,47-82
monografia,,,,"Esposito, Anna-Frova, Carla",,Collegi studenteschi a Roma nel Quattrocento. Gli Statuti della «Sapienza Nardina»,Roma,Viella,2008,,,,,224
articolo in rivista,"Lacaita, Carlo G.",,Università e impresa,,,,,,2008,,«Annali di storia delle università italiane»,12,,9-21
articolo in rivista,"Ricci, Giuliana",,Una sede sofferta.Dalla preesistenza a un nuovo insediamento urbano,,,,,,2008,,«Annali di storia delle università italiane»,12,,27-44
articolo in rivista,"Dezzi Bardeschi, Marco",,Il Politecnico alla Bovisa e la rinascita del quartiere operaio (1970-2008),,,,,,2008,,«Annali di storia delle università italiane»,12,,59-74
articolo in rivista,"Irace, Fulvio",,Un campus virtuale,,,,,,2008,,«Annali di storia delle università italiane»,12,,45-58
articolo in rivista,"Sacchi, Evandro",,La genesi della questione ambientale e l'incipit sul Politecnico di Milano,,,,,,2008,,«Annali di storia delle università italiane»,12,,75-100
articolo in rivista,"Citrini, Claudio",,Matematica e vita civile nel Politecnico di cento anni fa: la vicenda di Max Abraham,,,,,,2008,,«Annali di storia delle università italiane»,12,,101-118
articolo in rivista,"Selvafolta, Ornella",,Paesaggi della tecnica e paesaggi dell'arte: i viaggi d'istruzione al Politecnico di Milano tra Otto e Novecento,,,,,,2008,,«Annali di storia delle università italiane»,12,,119-146
articolo in rivista,"Buratti Mazzotta, Adele",,Cultura del progetto e didattica della rappresentazione al Politecnico di Milano tra Otto e Novecento,,,,,,2008,,«Annali di storia delle università italiane»,12,,147-170
articolo in rivista,"Bellini, Amedeo",,Ambrogio Annoni: arte e scienza dell'architettura,,,,,,2008,,«Annali di storia delle università italiane»,12,,171-192
articolo in rivista,"Rostagno, Chiara",,L'insegnamento dell'Urbanistica al Politecnico di Milano attraverso le carte dell'archivio Luigi Dodi. Dall'istituzione agli anni del confronto (1929-1966),,,,,,2008,,«Annali di storia delle università italiane»,12,,193-206
articolo in rivista,"Cardani, Cesare-Curami, Andrea",,Gli inizi dell'insegnamento dell'aeronautica nella realtà milanese,,,,,,2008,,«Annali di storia delle università italiane»,12,,207-224
articolo in rivista,"Grendler, Paul F.",,"The Life and the Death of the University of Mantua, 1624-1630",,,,,,2008,,«Journal of the Historical Society,4,,601-626
articolo in rivista,"Silvestri, Andrea",,Contributi del Regio Istituto Tecnico Superiore di Milano in Trentino tra i due secoli (con un'appendice di lettere inedite di Giuseppe Colombo ad Alessandro Panzarasa),,,,,,2008,,«Annali di storia delle università italiane»,12,,225-248
articolo in rivista,"Sacchi Landriani, Giannantonio",,Giovanni Sacchi ingegnere eclettico,,,,,,2008,,«Annali di storia delle università italiane»,12,,249-260
articolo in rivista,"Castellano, Aldo",,Cultura architettonica milanese e rinnovamento della Facoltà di Architettura tra anni Cinquanta e Sessanta,,,,,,2008,,«Annali di storia delle università italiane»,12,,261-290
articolo in rivista,"Boriani, Maurizio",,Alcune conferme ed alcune novità nell'archivio privato di Liliana Grassi al Politecnico di Milano,,,,,,2008,,«Annali di storia delle università italiane»,12,,291-312
articolo in rivista,"Gobbo, Raffaella",,"Un Nobel al Politecnico, Giulio Natta",,,,,,2008,,«Annali di storia delle università italiane»,12,,313-326
articolo in rivista,"De Coster, Anuschka",,"Foreign and Citizen Teachears at Bologna University in the 15th and 16th centuries. Statutes, statistics and student teachers",,,,,,2008,,«Annali di storia delle università italiane»,12,,329-355
articolo in rivista,"Materni, Marta",,Riformanze consiliari e bollettari come fonti per lo studio delle popolazioni studentesche nella prima età moderna,,,,,,2008,,«Annali di storia delle università italiane»,12,,357-385
articolo in rivista,"Pasciuta, Beatrice",,Itinerari di una cultura giuridica: la Facoltà di Giurisprudenza di Palermo dalla fondazione al fascismo (1805-1940),,,,,,2008,,«Annali di storia delle università italiane»,12,,387-421
articolo in rivista,"Legois, Jean-Philippe",,Pour de nouvelles approches du mai étudiant et universitaire en France et au-delà!,,,,,,2008,,«Annali di storia delle università italiane»,12,,423-433
articolo in rivista,"Del Bagno, Ileana",,Iustitia custos sit pacis. Formazione universitaria e professioni giuridiche a Napoli in età moderna,,,,,,2008,,«Annali di storia delle università italiane»,12,,435-466
articolo in rivista,"Nardi, Paolo",,L'Archivio di Stato di Siena e il mondo universitario tra Ottocento e Novecento,,,,,,2008,,«Annali di storia delle università italiane»,12,,469-480
articolo in rivista,"Becherucci, Andrea",,Alcune note sui carteggi salveminiani,,,,,,2008,,«Annali di storia delle università italiane»,12,,481-488
articolo in rivista,"Bònoli, Fabrizio",,Il Museo della Specola del Dipartimento di Astronomia del Sistema Museale d'Atenao dell'Alma Mater Studiorum,,,,,,2008,,«Annali di storia delle università italiane»,12,,489-498
articolo in rivista,"Bermejo Castrillo, Manuel Ángel",,"En los orígenes de la ciencia procesal española. Francisco Beceña: trayectoria académica, inquietudines docentes y aportación doctrinal",,,,,,2008,,«Cuadernos del Instituto Antonio de Nebrija de estudios sobre la universidad»,2,11.0,143-211
articolo in rivista,"Martín Martín, Sebastián",,"Actualidad del derecho político. Antología, reediciones e iniciativas de recuperación de una disciplina jurídica histórica",,,,,,2008,,«Cuadernos del Instituto Antonio de Nebrija de estudios sobre la universidad»,2,11.0,213-286
articolo in rivista,"Ramis Barceló, Rafael",,El claustro de la Facultad de Leyes y Cánones de la Universidad Luliana y Literaria de Mallorca,,,,,,2008,,«Cuadernos del Instituto Antonio de Nebrija de estudios sobre la universidad»,2,11.0,287-305
articolo in rivista,"Vera de Flachs, MAria Cristina-Sillau Pérez, Antonio",,Nacionalistas versus reformistas. Un estudio sobre las luchas políticas e ideológicas en la Universidad de Córdoba (Argentina) entre 1930 y 1943,,,,,,2008,,«Cuadernos del Instituto Antonio de Nebrija de estudios sobre la universidad»,2,11.0,307-331
